{"cameraMode":{"drawMode":0,"name":"Shaded","section":"Shading Mode"},"sceneLighting":false,"audioPlay":false,"sceneViewState":{"m_AlwaysRefresh":false,"showFog":true,"showSkybox":true,"showFlares":true,"showImageEffects":true,"showParticleSystems":true,"showVisualEffectGraphs":true,"m_FxEnabled":true},"in2DMode":false,"pivot":{"x":19.09455680847168,"y":-17.20636558532715,"z":57.59247589111328},"rotation":{"x":0.18341723084449769,"y":-0.020050829276442529,"z":0.0037421779707074167,"w":0.9828227162361145},"size":46.9780158996582,"orthographic":false}